{"cameraMode":{"drawMode":0,"name":"Shaded","section":"Shading Mode"},"sceneLighting":false,"audioPlay":false,"sceneViewState":{"showFog":true,"showMaterialUpdate":false,"showSkybox":false,"showFlares":true,"showImageEffects":true,"showParticleSystems":true},"in2DMode":false,"pivot":{"x":-1.6569774150848389,"y":1.0348200798034669,"z":7.021078109741211},"rotation":{"x":0.20107977092266084,"y":0.4448956251144409,"z":-0.10323039442300797,"w":0.8665934801101685},"size":1.7320539951324463,"orthographic":false}