{"cameraMode":{"drawMode":0,"name":"Shaded","section":"Shading Mode"},"sceneLighting":false,"audioPlay":false,"sceneViewState":{"showFog":true,"showMaterialUpdate":false,"showSkybox":false,"showFlares":true,"showImageEffects":true,"showParticleSystems":true},"in2DMode":false,"pivot":{"x":-2.049999952316284,"y":0.5699999928474426,"z":-0.8201198577880859},"rotation":{"x":0.20107977092266084,"y":0.4448956251144409,"z":-0.10323039442300797,"w":0.8665934801101685},"size":0.4330126941204071,"orthographic":false}